{
  "kem": {
    "ML-KEM-512": {
      "keygen": {
        "mean_ms": 0.32783617,
        "median_ms": 0.2561925,
        "stdev_ms": 0.40421142665641857,
        "cv_pct": 123.29677553773844,
        "p99_ms": 4.267307,
        "min_ms": 0.238384,
        "max_ms": 4.267307
      },
      "encap": {
        "mean_ms": 0.31984006,
        "median_ms": 0.2885,
        "stdev_ms": 0.09810776524768747,
        "cv_pct": 30.674007892472087,
        "p99_ms": 0.982307,
        "min_ms": 0.268923,
        "max_ms": 0.982307
      },
      "decap": {
        "mean_ms": 0.18290847,
        "median_ms": 0.1701155,
        "stdev_ms": 0.03592171664799004,
        "cv_pct": 19.639176167178064,
        "p99_ms": 0.392077,
        "min_ms": 0.160307,
        "max_ms": 0.392077
      }
    },
    "ML-KEM-768": {
      "keygen": {
        "mean_ms": 0.35202993,
        "median_ms": 0.304577,
        "stdev_ms": 0.12397674085584552,
        "cv_pct": 35.21767051336956,
        "p99_ms": 1.351,
        "min_ms": 0.289538,
        "max_ms": 1.351
      },
      "encap": {
        "mean_ms": 0.3784907,
        "median_ms": 0.335423,
        "stdev_ms": 0.09572358250708077,
        "cv_pct": 25.290867782770025,
        "p99_ms": 0.877615,
        "min_ms": 0.322308,
        "max_ms": 0.877615
      },
      "decap": {
        "mean_ms": 0.24120692000000002,
        "median_ms": 0.2258845,
        "stdev_ms": 0.03286111734904762,
        "cv_pct": 13.623621307816384,
        "p99_ms": 0.361692,
        "min_ms": 0.21923,
        "max_ms": 0.361692
      }
    },
    "ML-KEM-1024": {
      "keygen": {
        "mean_ms": 0.43102003000000005,
        "median_ms": 0.3956155,
        "stdev_ms": 0.12360184531675149,
        "cv_pct": 28.676589651007976,
        "p99_ms": 1.171231,
        "min_ms": 0.350153,
        "max_ms": 1.171231
      },
      "encap": {
        "mean_ms": 0.44667462,
        "median_ms": 0.4103465,
        "stdev_ms": 0.07868173995803497,
        "cv_pct": 17.615001263791296,
        "p99_ms": 0.725,
        "min_ms": 0.386769,
        "max_ms": 0.725
      },
      "decap": {
        "mean_ms": 0.31895071999999997,
        "median_ms": 0.3002305,
        "stdev_ms": 0.045877857976663085,
        "cv_pct": 14.383995739737815,
        "p99_ms": 0.581769,
        "min_ms": 0.290384,
        "max_ms": 0.581769
      }
    },
    "FrodoKEM-640-AES": {
      "keygen": {
        "mean_ms": 3.02251227,
        "median_ms": 2.980846,
        "stdev_ms": 0.39303268453586887,
        "cv_pct": 13.00350997535798,
        "p99_ms": 6.852769,
        "min_ms": 2.869846,
        "max_ms": 6.852769
      },
      "encap": {
        "mean_ms": 3.76673694,
        "median_ms": 3.7529995,
        "stdev_ms": 0.10046014374129482,
        "cv_pct": 2.6670337042781336,
        "p99_ms": 4.296,
        "min_ms": 3.615846,
        "max_ms": 4.296
      },
      "decap": {
        "mean_ms": 3.4615646499999997,
        "median_ms": 3.449308,
        "stdev_ms": 0.06353725545628067,
        "cv_pct": 1.8355068265525725,
        "p99_ms": 3.716385,
        "min_ms": 3.341846,
        "max_ms": 3.716385
      }
    },
    "FrodoKEM-976-AES": {
      "keygen": {
        "mean_ms": 5.89042388,
        "median_ms": 5.8538075,
        "stdev_ms": 0.13217382547529344,
        "cv_pct": 2.2438763010599065,
        "p99_ms": 6.887385,
        "min_ms": 5.781385,
        "max_ms": 6.887385
      },
      "encap": {
        "mean_ms": 7.70438306,
        "median_ms": 7.619808,
        "stdev_ms": 0.4411339422348649,
        "cv_pct": 5.725752974630327,
        "p99_ms": 11.873615,
        "min_ms": 7.529923,
        "max_ms": 11.873615
      },
      "decap": {
        "mean_ms": 7.51522615,
        "median_ms": 7.477846,
        "stdev_ms": 0.10430673075906435,
        "cv_pct": 1.3879386817795807,
        "p99_ms": 7.865462,
        "min_ms": 7.367461,
        "max_ms": 7.865462
      }
    },
    "FrodoKEM-1344-AES": {
      "keygen": {
        "mean_ms": 10.85633542,
        "median_ms": 10.676154,
        "stdev_ms": 1.0408119143672558,
        "cv_pct": 9.587138514989396,
        "p99_ms": 20.231615,
        "min_ms": 10.507308,
        "max_ms": 20.231615
      },
      "encap": {
        "mean_ms": 14.76189466,
        "median_ms": 14.5403465,
        "stdev_ms": 1.500900257998574,
        "cv_pct": 10.167395802285004,
        "p99_ms": 26.427769,
        "min_ms": 14.221,
        "max_ms": 26.427769
      },
      "decap": {
        "mean_ms": 13.95794151,
        "median_ms": 13.7041925,
        "stdev_ms": 1.7285182746028491,
        "cv_pct": 12.383762128279969,
        "p99_ms": 26.618462,
        "min_ms": 13.477616,
        "max_ms": 26.618462
      }
    },
    "eFrodoKEM-640-AES": {
      "keygen": {
        "mean_ms": 2.9089191800000003,
        "median_ms": 2.9102695,
        "stdev_ms": 0.08026326389411889,
        "cv_pct": 2.759212577852331,
        "p99_ms": 3.416461,
        "min_ms": 2.811308,
        "max_ms": 3.416461
      },
      "encap": {
        "mean_ms": 3.71753307,
        "median_ms": 3.6948855,
        "stdev_ms": 0.12686142060422595,
        "cv_pct": 3.4125162632171544,
        "p99_ms": 4.583,
        "min_ms": 3.546154,
        "max_ms": 4.583
      },
      "decap": {
        "mean_ms": 3.41430845,
        "median_ms": 3.4008075,
        "stdev_ms": 0.05415653675206043,
        "cv_pct": 1.586164154327077,
        "p99_ms": 3.657615,
        "min_ms": 3.319077,
        "max_ms": 3.657615
      }
    },
    "eFrodoKEM-976-AES": {
      "keygen": {
        "mean_ms": 5.8850115700000005,
        "median_ms": 5.8813075,
        "stdev_ms": 0.0744481245578891,
        "cv_pct": 1.2650463584031508,
        "p99_ms": 6.175,
        "min_ms": 5.756385,
        "max_ms": 6.175
      },
      "encap": {
        "mean_ms": 7.71773072,
        "median_ms": 7.7118845,
        "stdev_ms": 0.11892203859035744,
        "cv_pct": 1.5408938573378657,
        "p99_ms": 8.298846,
        "min_ms": 7.528231,
        "max_ms": 8.298846
      },
      "decap": {
        "mean_ms": 7.53442842,
        "median_ms": 7.5149235,
        "stdev_ms": 0.09871498540842445,
        "cv_pct": 1.3101854567545876,
        "p99_ms": 7.909385,
        "min_ms": 7.386308,
        "max_ms": 7.909385
      }
    },
    "eFrodoKEM-1344-AES": {
      "keygen": {
        "mean_ms": 10.63392775,
        "median_ms": 10.6030385,
        "stdev_ms": 0.10615264967621064,
        "cv_pct": 0.9982449775080581,
        "p99_ms": 11.007077,
        "min_ms": 10.510539,
        "max_ms": 11.007077
      },
      "encap": {
        "mean_ms": 14.400086960000001,
        "median_ms": 14.3541155,
        "stdev_ms": 0.1440789194657658,
        "cv_pct": 1.0005420096835704,
        "p99_ms": 15.065154,
        "min_ms": 14.218539,
        "max_ms": 15.065154
      },
      "decap": {
        "mean_ms": 13.57480389,
        "median_ms": 13.540923,
        "stdev_ms": 0.10044500130966642,
        "cv_pct": 0.7399370342555013,
        "p99_ms": 13.982539,
        "min_ms": 13.42877,
        "max_ms": 13.982539
      }
    }
  },
  "sig": {
    "ML-DSA-44": {
      "keygen": {
        "mean_ms": 0.5785731,
        "median_ms": 0.5465,
        "stdev_ms": 0.14816338860766878,
        "cv_pct": 25.608412939984383,
        "p99_ms": 1.799385,
        "min_ms": 0.465846,
        "max_ms": 1.799385
      },
      "sign": {
        "mean_ms": 1.55713,
        "median_ms": 1.3055,
        "stdev_ms": 0.9090471350262284,
        "cv_pct": 58.37965584287943,
        "p99_ms": 6.829384,
        "min_ms": 0.74077,
        "max_ms": 6.829384
      },
      "verify": {
        "mean_ms": 0.44435842999999997,
        "median_ms": 0.425846,
        "stdev_ms": 0.05895633125368335,
        "cv_pct": 13.267742271409896,
        "p99_ms": 0.809539,
        "min_ms": 0.392615,
        "max_ms": 0.809539
      }
    },
    "ML-DSA-65": {
      "keygen": {
        "mean_ms": 0.82142464,
        "median_ms": 0.813885,